{
    "alice_en.txt": {
        "exact_counter": 0.002673625946044922,
        "approximate_counter": 0.002605475425720215,
        "lossy_counting": {
            "5": 0.0038139820098876953,
            "10": 0.003459453582763672,
            "15": 0.003440380096435547,
            "20": 0.003792285919189453
        }
    },
    "alice_fi.txt": {
        "exact_counter": 0.003404855728149414,
        "approximate_counter": 0.0029383401870727538,
        "lossy_counting": {
            "5": 0.005541801452636719,
            "10": 0.005755901336669922,
            "15": 0.005295515060424805,
            "20": 0.005421161651611328
        }
    },
    "alice_fr.txt": {
        "exact_counter": 0.003605365753173828,
        "approximate_counter": 0.0030118584632873534,
        "lossy_counting": {
            "5": 0.00711369514465332,
            "10": 0.007071495056152344,
            "15": 0.006448984146118164,
            "20": 0.00627589225769043
        }
    },
    "alice_gr.txt": {
        "exact_counter": 0.005082368850708008,
        "approximate_counter": 0.0031003837585449217,
        "lossy_counting": {
            "5": 0.007151603698730469,
            "10": 0.007113218307495117,
            "15": 0.006682634353637695,
            "20": 0.0071299076080322266
        }
    },
    "alice_it.txt": {
        "exact_counter": 0.003836393356323242,
        "approximate_counter": 0.002926198959350586,
        "lossy_counting": {
            "5": 0.006544828414916992,
            "10": 0.006565093994140625,
            "15": 0.006133317947387695,
            "20": 0.005838632583618164
        }
    }
}