{
    "mean_absolute_error": 0.7121254550546066,
    "mean_relative_error": 0.48895824339974747,
    "mean_accuracy_ratio": 0.5110444533646759,
    "smallest_value": 0,
    "largest_value": 862,
    "mean": 8.519951140065146,
    "mean_absolute_deviation": 11.161187718171636,
    "standard_deviation": 39.419458884664465,
    "maximum_deviation": 853.4800488599349,
    "variance": 1553.8937387597523
}