{
    "mean_absolute_error": 0.7289251018489502,
    "mean_relative_error": 0.4928693884386248,
    "mean_accuracy_ratio": 0.5071361189102379,
    "smallest_value": 0,
    "largest_value": 909,
    "mean": 9.69146005509642,
    "mean_absolute_deviation": 13.041418441868633,
    "standard_deviation": 46.1051651550542,
    "maximum_deviation": 899.3085399449036,
    "variance": 2125.686253974824
}