{
    "mean_absolute_error": 18.557818865559387,
    "mean_relative_error": 5.390610410886008,
    "mean_accuracy_ratio": 4.4012653779809625,
    "smallest_value": 2342,
    "largest_value": 2343,
    "mean": 2342.470588235294,
    "mean_absolute_deviation": 0.4982698961937732,
    "standard_deviation": 0.4991341984846218,
    "maximum_deviation": 0.5294117647058556,
    "variance": 0.24913494809688583
}